Hochzeitstag von Corina & Raffael,,,,,,,,,
,,,,,,,,,
"Vorname, Name",Adresse,Tel. Nr.,M÷chtest du gerne eine Aufgabe ³bernehmen?,Welcher Bereich? (Bitte einkreisen),,,,,
,,,JA                       NEIN,Vorbereitung Essen | Vorbereitung Fest | Kinderspiele | Salat mitbringen,,,,,
,,,JA                       NEIN,Vorbereitung Essen | Vorbereitung Fest | Kinderspiele | Salat mitbringen,,,,,
,,,JA                       NEIN,Vorbereitung Essen | Vorbereitung Fest | Kinderspiele | Salat mitbringen,,,,,
,,,JA                       NEIN,Vorbereitung Essen | Vorbereitung Fest | Kinderspiele | Salat mitbringen,,,,,
,,,JA                       NEIN,Vorbereitung Essen | Vorbereitung Fest | Kinderspiele | Salat mitbringen,,,,,
,,,JA                       NEIN,Vorbereitung Essen | Vorbereitung Fest | Kinderspiele | Salat mitbringen,,,,,
,,,JA                       NEIN,Vorbereitung Essen | Vorbereitung Fest | Kinderspiele | Salat mitbringen,,,,,
,,,JA                       NEIN,Vorbereitung Essen | Vorbereitung Fest | Kinderspiele | Salat mitbringen,,,,,
,,,JA                       NEIN,Vorbereitung Essen | Vorbereitung Fest | Kinderspiele | Salat mitbringen,,,,,
,,,JA                       NEIN,Vorbereitung Essen | Vorbereitung Fest | Kinderspiele | Salat mitbringen,,,,,
,,,JA                       NEIN,Vorbereitung Essen | Vorbereitung Fest | Kinderspiele | Salat mitbringen,,,,,
,,,JA                       NEIN,Vorbereitung Essen | Vorbereitung Fest | Kinderspiele | Salat mitbringen,,,,,
,,,JA                       NEIN,Vorbereitung Essen | Vorbereitung Fest | Kinderspiele | Salat mitbringen,,,,,
,,,JA                       NEIN,Vorbereitung Essen | Vorbereitung Fest | Kinderspiele | Salat mitbringen,,,,,
,,,JA                       NEIN,Vorbereitung Essen | Vorbereitung Fest | Kinderspiele | Salat mitbringen,,,,,
,,,JA                       NEIN,Vorbereitung Essen | Vorbereitung Fest | Kinderspiele | Salat mitbringen,,,,,
,,,JA                       NEIN,Vorbereitung Essen | Vorbereitung Fest | Kinderspiele | Salat mitbringen,,,,,
,,,JA                       NEIN,Vorbereitung Essen | Vorbereitung Fest | Kinderspiele | Salat mitbringen,,,,,
,,,JA                       NEIN,Vorbereitung Essen | Vorbereitung Fest | Kinderspiele | Salat mitbringen,,,,,
,,,JA                       NEIN,Vorbereitung Essen | Vorbereitung Fest | Kinderspiele | Salat mitbringen,,,,,
,,,,,,,,,
,,,,,,,,,
,,,,,,,,,
,,,,,,,,,
,,,,,,,,,
